"SubnetId","CidrBlock","SubnetName","AvailabilityZone","AvailabilityZoneId","SubnetArn","VpcId"
"subnet-00edaef3979087559","10.61.224.0/20","Private Subnet 3A","us-west-2c","usw2-az3","arn:aws:ec2:us-west-2:207975098136:subnet/subnet-00edaef3979087559","vpc-058b4949dc7e0eb29"
"subnet-0812e3a686eb75206","10.56.24.0/23","gd-re-k8s-np-DBSubnetAZ1","us-west-2a","usw2-az2","arn:aws:ec2:us-west-2:207975098136:subnet/subnet-0812e3a686eb75206","vpc-0d924e5019db72038"
"subnet-05c7578042932cda1","10.56.28.0/23","gd-re-k8s-np-DBSubnetAZ3","us-west-2c","usw2-az3","arn:aws:ec2:us-west-2:207975098136:subnet/subnet-05c7578042932cda1","vpc-0d924e5019db72038"
"subnet-0247a47921066e5c0","10.56.16.0/21","gd-re-k8s-np-PrivateSubnetAZ3","us-west-2c","usw2-az3","arn:aws:ec2:us-west-2:207975098136:subnet/subnet-0247a47921066e5c0","vpc-0d924e5019db72038"
"subnet-0962fbb6ad149af88","10.56.0.0/21","gd-re-k8s-np-PrivateSubnetAZ1","us-west-2a","usw2-az2","arn:aws:ec2:us-west-2:207975098136:subnet/subnet-0962fbb6ad149af88","vpc-0d924e5019db72038"
"subnet-0d1283562a7202a6c","10.56.26.0/23","gd-re-k8s-np-DBSubnetAZ2","us-west-2b","usw2-az1","arn:aws:ec2:us-west-2:207975098136:subnet/subnet-0d1283562a7202a6c","vpc-0d924e5019db72038"
"subnet-07a149dae81cbce50","10.61.192.0/20","Private Subnet 1A","us-west-2a","usw2-az2","arn:aws:ec2:us-west-2:207975098136:subnet/subnet-07a149dae81cbce50","vpc-058b4949dc7e0eb29"
"subnet-059d632d655434c91","10.61.208.0/20","Private Subnet 2A","us-west-2b","usw2-az1","arn:aws:ec2:us-west-2:207975098136:subnet/subnet-059d632d655434c91","vpc-058b4949dc7e0eb29"
"subnet-01a541712fe48b089","10.56.8.0/21","gd-re-k8s-np-PrivateSubnetAZ2","us-west-2b","usw2-az1","arn:aws:ec2:us-west-2:207975098136:subnet/subnet-01a541712fe48b089","vpc-0d924e5019db72038"
"subnet-08a765fe7af589486","10.61.128.0/20","Private Subnet 1A","us-west-2a","usw2-az2","arn:aws:ec2:us-west-2:580624647591:subnet/subnet-08a765fe7af589486","vpc-0c505f3f150d87b08"
"subnet-0513acea1c1c4d1f9","10.61.160.0/20","Private Subnet 3A","us-west-2c","usw2-az3","arn:aws:ec2:us-west-2:580624647591:subnet/subnet-0513acea1c1c4d1f9","vpc-0c505f3f150d87b08"
"subnet-0db1213247397d5cd","10.61.144.0/20","Private Subnet 2A","us-west-2b","usw2-az1","arn:aws:ec2:us-west-2:580624647591:subnet/subnet-0db1213247397d5cd","vpc-0c505f3f150d87b08"
"subnet-0ca728b67448755f2","10.61.80.0/23","Public Subnet 1","us-west-2a","usw2-az2","arn:aws:ec2:us-west-2:910466079863:subnet/subnet-0ca728b67448755f2","vpc-0e3b8bd9d7091451a"
"subnet-02013038b0fa26097","10.61.90.0/23","Private Subnet 3A","us-west-2c","usw2-az3","arn:aws:ec2:us-west-2:910466079863:subnet/subnet-02013038b0fa26097","vpc-0e3b8bd9d7091451a"
"subnet-02b17643414aa7bb2","10.61.84.0/23","Public Subnet 3","us-west-2c","usw2-az3","arn:aws:ec2:us-west-2:910466079863:subnet/subnet-02b17643414aa7bb2","vpc-0e3b8bd9d7091451a"
"subnet-0cb4b7634cea47668","10.61.88.0/23","Private Subnet 2A","us-west-2b","usw2-az1","arn:aws:ec2:us-west-2:910466079863:subnet/subnet-0cb4b7634cea47668","vpc-0e3b8bd9d7091451a"
"subnet-03faf3033e845422a","10.61.86.0/23","Private Subnet 1A","us-west-2a","usw2-az2","arn:aws:ec2:us-west-2:910466079863:subnet/subnet-03faf3033e845422a","vpc-0e3b8bd9d7091451a"
"subnet-06c1f0f6210410928","10.61.82.0/23","Public Subnet 2","us-west-2b","usw2-az1","arn:aws:ec2:us-west-2:910466079863:subnet/subnet-06c1f0f6210410928","vpc-0e3b8bd9d7091451a"
"subnet-08a845663d96a608a","10.62.38.0/23","Private Subnet 1A","us-west-2a","usw2-az1","arn:aws:ec2:us-west-2:632444249154:subnet/subnet-08a845663d96a608a","vpc-09320ad2b05f2e4e9"
"subnet-0e20a8b2d3d82e153","10.62.42.0/23","Private Subnet 3A","us-west-2c","usw2-az3","arn:aws:ec2:us-west-2:632444249154:subnet/subnet-0e20a8b2d3d82e153","vpc-09320ad2b05f2e4e9"
"subnet-09a57dc040bc2215c","10.62.32.0/23","Public Subnet 1","us-west-2a","usw2-az1","arn:aws:ec2:us-west-2:632444249154:subnet/subnet-09a57dc040bc2215c","vpc-09320ad2b05f2e4e9"
"subnet-029fafab91a2c45a8","10.62.34.0/23","Public Subnet 2","us-west-2b","usw2-az2","arn:aws:ec2:us-west-2:632444249154:subnet/subnet-029fafab91a2c45a8","vpc-09320ad2b05f2e4e9"
"subnet-0acad43ed8befbb9e","10.62.40.0/23","Private Subnet 2A","us-west-2b","usw2-az2","arn:aws:ec2:us-west-2:632444249154:subnet/subnet-0acad43ed8befbb9e","vpc-09320ad2b05f2e4e9"
"subnet-0a268750d71eba987","10.62.36.0/23","Public Subnet 3","us-west-2c","usw2-az3","arn:aws:ec2:us-west-2:632444249154:subnet/subnet-0a268750d71eba987","vpc-09320ad2b05f2e4e9"
"subnet-0c48214715b52cebe","10.132.32.0/23","Public Subnet 1","us-west-2a","usw2-az1","arn:aws:ec2:us-west-2:314761225311:subnet/subnet-0c48214715b52cebe","vpc-0ce423dd64311ff94"
"subnet-053356c2b85ee477b","10.132.34.0/23","Public Subnet 2","us-west-2b","usw2-az2","arn:aws:ec2:us-west-2:314761225311:subnet/subnet-053356c2b85ee477b","vpc-0ce423dd64311ff94"
"subnet-0b1af26e39fc82ce5","10.132.36.0/23","Public Subnet 3","us-west-2c","usw2-az3","arn:aws:ec2:us-west-2:314761225311:subnet/subnet-0b1af26e39fc82ce5","vpc-0ce423dd64311ff94"
"subnet-0b21e064b2c8d6bc1","10.132.38.0/23","Private Subnet 1A","us-west-2a","usw2-az1","arn:aws:ec2:us-west-2:314761225311:subnet/subnet-0b21e064b2c8d6bc1","vpc-0ce423dd64311ff94"
"subnet-03bb64d7833abb674","10.132.40.0/23","Private Subnet 2A","us-west-2b","usw2-az2","arn:aws:ec2:us-west-2:314761225311:subnet/subnet-03bb64d7833abb674","vpc-0ce423dd64311ff94"
"subnet-0b2f770adc794cb34","10.132.42.0/23","Private Subnet 3A","us-west-2c","usw2-az3","arn:aws:ec2:us-west-2:314761225311:subnet/subnet-0b2f770adc794cb34","vpc-0ce423dd64311ff94"
"subnet-0e52629a93f979c35","10.61.79.128/25","Public Subnet 2","us-west-2b","usw2-az1","arn:aws:ec2:us-west-2:191471527424:subnet/subnet-0e52629a93f979c35","vpc-06d5ec7c330e25f11"
"subnet-032f3ed1756031183","10.61.77.0/24","DB Subnet 2","us-west-2b","usw2-az1","arn:aws:ec2:us-west-2:191471527424:subnet/subnet-032f3ed1756031183","vpc-06d5ec7c330e25f11"
"subnet-09791c98913899ca5","10.61.78.0/24","DB Subnet 3","us-west-2c","usw2-az3","arn:aws:ec2:us-west-2:191471527424:subnet/subnet-09791c98913899ca5","vpc-06d5ec7c330e25f11"
"subnet-002e891c589dbfb05","10.61.64.0/22","Private Subnet 1A","us-west-2a","usw2-az2","arn:aws:ec2:us-west-2:191471527424:subnet/subnet-002e891c589dbfb05","vpc-06d5ec7c330e25f11"
"subnet-0be74e397c3baa609","10.61.68.0/22","Private Subnet 2A","us-west-2b","usw2-az1","arn:aws:ec2:us-west-2:191471527424:subnet/subnet-0be74e397c3baa609","vpc-06d5ec7c330e25f11"
"subnet-01de353845783c9cb","10.61.79.0/25","Public Subnet 1","us-west-2a","usw2-az2","arn:aws:ec2:us-west-2:191471527424:subnet/subnet-01de353845783c9cb","vpc-06d5ec7c330e25f11"
"subnet-0772d0ef4e890a7e2","10.61.76.0/24","DB Subnet 1","us-west-2a","usw2-az2","arn:aws:ec2:us-west-2:191471527424:subnet/subnet-0772d0ef4e890a7e2","vpc-06d5ec7c330e25f11"
"subnet-035cdae9468cccb98","10.61.72.0/22","Private Subnet 3A","us-west-2c","usw2-az3","arn:aws:ec2:us-west-2:191471527424:subnet/subnet-035cdae9468cccb98","vpc-06d5ec7c330e25f11"
"subnet-0f6e43484a0305e2b","10.68.15.240/28","gd-paloalto-baas-stg-LambdaSubnetAz2","us-west-2b","usw2-az1","arn:aws:ec2:us-west-2:223040669651:subnet/subnet-0f6e43484a0305e2b","vpc-0c65548c2425e09d9"
"subnet-0376605fd2e922d98","10.68.14.0/24","DB Subnet 3","us-west-2c","usw2-az3","arn:aws:ec2:us-west-2:223040669651:subnet/subnet-0376605fd2e922d98","vpc-0c65548c2425e09d9"
"subnet-05557acf7ced77316","10.61.45.0/24","Intuit-DB Subnet 2","us-west-2b","usw2-az1","arn:aws:ec2:us-west-2:223040669651:subnet/subnet-05557acf7ced77316","vpc-07aef514731d3e22a"
"subnet-001f7ca83ccd3e7c0","10.68.15.160/27","gd-paloalto-baas-stg-TRUSTSubnet2","us-west-2b","usw2-az1","arn:aws:ec2:us-west-2:223040669651:subnet/subnet-001f7ca83ccd3e7c0","vpc-0c65548c2425e09d9"
"subnet-0bb20abbf7838b5ea","10.61.36.0/22","Intuit-Private Subnet 2","us-west-2b","usw2-az1","arn:aws:ec2:us-west-2:223040669651:subnet/subnet-0bb20abbf7838b5ea","vpc-07aef514731d3e22a"
"subnet-0b2f407bad53312d5","10.61.20.0/22","Uber-Private Subnet 2","us-west-2b","usw2-az1","arn:aws:ec2:us-west-2:223040669651:subnet/subnet-0b2f407bad53312d5","vpc-03f6e5a2f560ce18b"
"subnet-05fc631d6511b3c7c","10.61.29.0/24","Uber-DB Subnet 2","us-west-2b","usw2-az1","arn:aws:ec2:us-west-2:223040669651:subnet/subnet-05fc631d6511b3c7c","vpc-03f6e5a2f560ce18b"
"subnet-0a777464cbcacd96f","10.68.15.32/27","gd-paloalto-baas-stg-TRUSTSubnet1","us-west-2a","usw2-az2","arn:aws:ec2:us-west-2:223040669651:subnet/subnet-0a777464cbcacd96f","vpc-0c65548c2425e09d9"
"subnet-01e1516bba2d404a7","10.61.30.0/24","Uber-DB Subnet 3","us-west-2c","usw2-az3","arn:aws:ec2:us-west-2:223040669651:subnet/subnet-01e1516bba2d404a7","vpc-03f6e5a2f560ce18b"
"subnet-00b9f7097896c81db","10.68.8.0/22","Private Subnet 3","us-west-2c","usw2-az3","arn:aws:ec2:us-west-2:223040669651:subnet/subnet-00b9f7097896c81db","vpc-0c65548c2425e09d9"
"subnet-015a070ac9088d7b8","10.61.32.0/22","Intuit-Private Subnet 1","us-west-2a","usw2-az2","arn:aws:ec2:us-west-2:223040669651:subnet/subnet-015a070ac9088d7b8","vpc-07aef514731d3e22a"
"subnet-02e8d6dde58d7eede","10.61.13.0/24","gbr-DB Subnet 2","us-west-2b","usw2-az1","arn:aws:ec2:us-west-2:223040669651:subnet/subnet-02e8d6dde58d7eede","vpc-0e96d9daff628ae1b"
"subnet-09278aff1dcd7cae9","10.68.12.0/24","DB Subnet 1","us-west-2a","usw2-az2","arn:aws:ec2:us-west-2:223040669651:subnet/subnet-09278aff1dcd7cae9","vpc-0c65548c2425e09d9"
"subnet-0c613620c782ea628","10.68.4.0/22","Private Subnet 2","us-west-2b","usw2-az1","arn:aws:ec2:us-west-2:223040669651:subnet/subnet-0c613620c782ea628","vpc-0c65548c2425e09d9"
"subnet-0af3f3fd6445f2ebc","10.61.16.0/22","Uber-Private Subnet 1","us-west-2a","usw2-az2","arn:aws:ec2:us-west-2:223040669651:subnet/subnet-0af3f3fd6445f2ebc","vpc-03f6e5a2f560ce18b"
"subnet-0e54e396669e057ec","10.68.15.0/27","gd-paloalto-baas-stg-MGMTSubnetAz1","us-west-2a","usw2-az2","arn:aws:ec2:us-west-2:223040669651:subnet/subnet-0e54e396669e057ec","vpc-0c65548c2425e09d9"
"subnet-0e0541b1d49e16bd5","10.68.15.224/28","gd-paloalto-baas-stg-NATGWSubnetAz2","us-west-2b","usw2-az1","arn:aws:ec2:us-west-2:223040669651:subnet/subnet-0e0541b1d49e16bd5","vpc-0c65548c2425e09d9"
"subnet-0e50cdc8f69937126","10.61.24.0/22","Uber-Private Subnet 3","us-west-2c","usw2-az3","arn:aws:ec2:us-west-2:223040669651:subnet/subnet-0e50cdc8f69937126","vpc-03f6e5a2f560ce18b"
"subnet-0f407ade867f9d200","10.68.15.64/27","gd-paloalto-baas-stg-UNTRUSTSubnet1","us-west-2a","usw2-az2","arn:aws:ec2:us-west-2:223040669651:subnet/subnet-0f407ade867f9d200","vpc-0c65548c2425e09d9"
"subnet-04b5eb7b1b4fcf6a5","10.61.12.0/24","gbr-DB Subnet 1","us-west-2a","usw2-az2","arn:aws:ec2:us-west-2:223040669651:subnet/subnet-04b5eb7b1b4fcf6a5","vpc-0e96d9daff628ae1b"
"subnet-0e8e471bb2415a603","10.61.44.0/24","Intuit-DB Subnet 1","us-west-2a","usw2-az2","arn:aws:ec2:us-west-2:223040669651:subnet/subnet-0e8e471bb2415a603","vpc-07aef514731d3e22a"
"subnet-016420de7fbb6f36d","10.61.46.0/24","Intuit-DB Subnet 3","us-west-2c","usw2-az3","arn:aws:ec2:us-west-2:223040669651:subnet/subnet-016420de7fbb6f36d","vpc-07aef514731d3e22a"
"subnet-0cd73b8854af6e988","10.68.0.0/22","Private Subnet 1","us-west-2a","usw2-az2","arn:aws:ec2:us-west-2:223040669651:subnet/subnet-0cd73b8854af6e988","vpc-0c65548c2425e09d9"
"subnet-0acd88d32771fcf24","10.61.14.0/24","gbr-DB Subnet 3","us-west-2c","usw2-az3","arn:aws:ec2:us-west-2:223040669651:subnet/subnet-0acd88d32771fcf24","vpc-0e96d9daff628ae1b"
"subnet-075008f773853d88e","10.68.15.96/28","gd-paloalto-baas-stg-NATGWSubnetAz1","us-west-2a","usw2-az2","arn:aws:ec2:us-west-2:223040669651:subnet/subnet-075008f773853d88e","vpc-0c65548c2425e09d9"
"subnet-005fe37d5c99a9de8","10.68.15.128/27","gd-paloalto-baas-stg-MGMTSubnetAz2","us-west-2b","usw2-az1","arn:aws:ec2:us-west-2:223040669651:subnet/subnet-005fe37d5c99a9de8","vpc-0c65548c2425e09d9"
"subnet-04e5b94ac4b3f70d9","10.68.15.112/28","gd-paloalto-baas-stg-LambdaSubnetAz1","us-west-2a","usw2-az2","arn:aws:ec2:us-west-2:223040669651:subnet/subnet-04e5b94ac4b3f70d9","vpc-0c65548c2425e09d9"
"subnet-05e6aabee5ea991cb","10.61.8.0/22","gbr-Private Subnet 3","us-west-2c","usw2-az3","arn:aws:ec2:us-west-2:223040669651:subnet/subnet-05e6aabee5ea991cb","vpc-0e96d9daff628ae1b"
"subnet-0b29d8e0f3be49b4c","10.61.0.0/22","gbr-Private Subnet 1","us-west-2a","usw2-az2","arn:aws:ec2:us-west-2:223040669651:subnet/subnet-0b29d8e0f3be49b4c","vpc-0e96d9daff628ae1b"
"subnet-0bca53d04ec01eb27","10.68.15.192/27","gd-paloalto-baas-stg-UNTRUSTSubnet2","us-west-2b","usw2-az1","arn:aws:ec2:us-west-2:223040669651:subnet/subnet-0bca53d04ec01eb27","vpc-0c65548c2425e09d9"
"subnet-0239696d508890a19","10.61.40.0/22","Intuit-Private Subnet 3","us-west-2c","usw2-az3","arn:aws:ec2:us-west-2:223040669651:subnet/subnet-0239696d508890a19","vpc-07aef514731d3e22a"
"subnet-08dd6a19d92ce175d","10.61.4.0/22","gbr-Private Subnet 2","us-west-2b","usw2-az1","arn:aws:ec2:us-west-2:223040669651:subnet/subnet-08dd6a19d92ce175d","vpc-0e96d9daff628ae1b"
"subnet-01b3bef573ecf4792","10.61.28.0/24","Uber-DB Subnet 1","us-west-2a","usw2-az2","arn:aws:ec2:us-west-2:223040669651:subnet/subnet-01b3bef573ecf4792","vpc-03f6e5a2f560ce18b"
"subnet-03377ac8665767218","10.68.13.0/24","DB Subnet 2","us-west-2b","usw2-az1","arn:aws:ec2:us-west-2:223040669651:subnet/subnet-03377ac8665767218","vpc-0c65548c2425e09d9"
"subnet-07d6b06716cd1eaa0","10.64.128.0/18","Private Subnet 3","us-west-2c","usw2-az3","arn:aws:ec2:us-west-2:908441563114:subnet/subnet-07d6b06716cd1eaa0","vpc-013e26a03263e4489"
"subnet-00ee3bfe8d57569a2","10.64.208.0/21","DB Subnet 3","us-west-2c","usw2-az3","arn:aws:ec2:us-west-2:908441563114:subnet/subnet-00ee3bfe8d57569a2","vpc-013e26a03263e4489"
"subnet-0e96106285ca4b693","10.64.0.0/18","Private Subnet 1","us-west-2a","usw2-az1","arn:aws:ec2:us-west-2:908441563114:subnet/subnet-0e96106285ca4b693","vpc-013e26a03263e4489"
"subnet-0b0e81907369aca26","10.64.192.0/21","DB Subnet 1","us-west-2a","usw2-az1","arn:aws:ec2:us-west-2:908441563114:subnet/subnet-0b0e81907369aca26","vpc-013e26a03263e4489"
"subnet-0afd3055660bc7815","10.64.200.0/21","DB Subnet 2","us-west-2b","usw2-az2","arn:aws:ec2:us-west-2:908441563114:subnet/subnet-0afd3055660bc7815","vpc-013e26a03263e4489"
"subnet-0d8a147d4983277f7","10.64.64.0/18","Private Subnet 2","us-west-2b","usw2-az2","arn:aws:ec2:us-west-2:908441563114:subnet/subnet-0d8a147d4983277f7","vpc-013e26a03263e4489"
"subnet-0357d72d9c06e957e","10.61.48.0/22","Uber-Private Subnet 1","us-west-2a","usw2-az1","arn:aws:ec2:us-west-2:716308132724:subnet/subnet-0357d72d9c06e957e","vpc-053a66a2b0edd92e5"
"subnet-0bc16d2c4b6f9fcb6","10.61.56.0/22","Uber-Private Subnet 3","us-west-2c","usw2-az3","arn:aws:ec2:us-west-2:716308132724:subnet/subnet-0bc16d2c4b6f9fcb6","vpc-053a66a2b0edd92e5"
"subnet-0f4fb772e95c772b6","10.67.64.0/18","Private Subnet 2","us-west-2b","usw2-az2","arn:aws:ec2:us-west-2:716308132724:subnet/subnet-0f4fb772e95c772b6","vpc-0fe052f0c64b39d5a"
"subnet-0d6daa4337d209df7","10.67.0.0/18","Private Subnet 1","us-west-2a","usw2-az1","arn:aws:ec2:us-west-2:716308132724:subnet/subnet-0d6daa4337d209df7","vpc-0fe052f0c64b39d5a"
"subnet-09c4225e3b1a2ea1d","10.61.62.0/24","Uber-DB Subnet 3","us-west-2c","usw2-az3","arn:aws:ec2:us-west-2:716308132724:subnet/subnet-09c4225e3b1a2ea1d","vpc-053a66a2b0edd92e5"
"subnet-016bff183cb3554b3","10.67.200.0/21","DB Subnet 2","us-west-2b","usw2-az2","arn:aws:ec2:us-west-2:716308132724:subnet/subnet-016bff183cb3554b3","vpc-0fe052f0c64b39d5a"
"subnet-06ebbc17212e01bdf","10.61.52.0/22","Uber-Private Subnet 2","us-west-2b","usw2-az2","arn:aws:ec2:us-west-2:716308132724:subnet/subnet-06ebbc17212e01bdf","vpc-053a66a2b0edd92e5"
"subnet-0ff447d954d2dee7c","10.67.128.0/18","Private Subnet 3","us-west-2c","usw2-az3","arn:aws:ec2:us-west-2:716308132724:subnet/subnet-0ff447d954d2dee7c","vpc-0fe052f0c64b39d5a"
"subnet-05fcc2c7741a469bd","10.61.60.0/24","Uber-DB Subnet 1","us-west-2a","usw2-az1","arn:aws:ec2:us-west-2:716308132724:subnet/subnet-05fcc2c7741a469bd","vpc-053a66a2b0edd92e5"
"subnet-017944b7bedc85c25","10.67.208.0/21","DB Subnet 3","us-west-2c","usw2-az3","arn:aws:ec2:us-west-2:716308132724:subnet/subnet-017944b7bedc85c25","vpc-0fe052f0c64b39d5a"
"subnet-05c666fb13984c670","10.61.61.0/24","Uber-DB Subnet 2","us-west-2b","usw2-az2","arn:aws:ec2:us-west-2:716308132724:subnet/subnet-05c666fb13984c670","vpc-053a66a2b0edd92e5"
"subnet-01e06fc35e866f42d","10.67.192.0/21","DB Subnet 1","us-west-2a","usw2-az1","arn:aws:ec2:us-west-2:716308132724:subnet/subnet-01e06fc35e866f42d","vpc-0fe052f0c64b39d5a"
"subnet-085872e6fe193123c","10.131.0.0/18","baas-Private Subnet 1","us-west-2a","usw2-az2","arn:aws:ec2:us-west-2:262683030539:subnet/subnet-085872e6fe193123c","vpc-028e25b51d6489534"
"subnet-0293fcefcc7102b34","10.133.47.224/28","intuit-pan-prod-NATGWSubnetAz2","us-west-2b","usw2-az1","arn:aws:ec2:us-west-2:262683030539:subnet/subnet-0293fcefcc7102b34","vpc-072496937c8129958"
"subnet-04406230d11d2d47b","10.133.31.96/28","uber-pan-prod-NATGWSubnetAz1","us-west-2a","usw2-az2","arn:aws:ec2:us-west-2:262683030539:subnet/subnet-04406230d11d2d47b","vpc-050b88d7f97ffbf99"
"subnet-0ed070e3c1de59d98","10.133.44.0/24","intuit-DB Subnet 1","us-west-2a","usw2-az2","arn:aws:ec2:us-west-2:262683030539:subnet/subnet-0ed070e3c1de59d98","vpc-072496937c8129958"
"subnet-02c10719a31659ae3","10.133.46.0/24","intuit-DB Subnet 3","us-west-2c","usw2-az3","arn:aws:ec2:us-west-2:262683030539:subnet/subnet-02c10719a31659ae3","vpc-072496937c8129958"
"subnet-00753bb661ed15d39","10.131.192.0/21","baas-DB Subnet 1","us-west-2a","usw2-az2","arn:aws:ec2:us-west-2:262683030539:subnet/subnet-00753bb661ed15d39","vpc-028e25b51d6489534"
"subnet-05bad9f1ade32b811","10.133.47.112/28","intuit-pan-prod-LambdaSubnetAz1","us-west-2a","usw2-az2","arn:aws:ec2:us-west-2:262683030539:subnet/subnet-05bad9f1ade32b811","vpc-072496937c8129958"
"subnet-0b25df71f66dba3c7","10.131.224.0/24","gd-paloalto-baas-prod-MGMTSubnetAz1","us-west-2a","usw2-az2","arn:aws:ec2:us-west-2:262683030539:subnet/subnet-0b25df71f66dba3c7","vpc-028e25b51d6489534"
"subnet-0311adfae0618715a","10.133.32.0/22","intuit-Private Subnet 1","us-west-2a","usw2-az2","arn:aws:ec2:us-west-2:262683030539:subnet/subnet-0311adfae0618715a","vpc-072496937c8129958"
"subnet-03f426e3b137ca20c","10.131.200.0/21","baas-DB Subnet 2","us-west-2b","usw2-az1","arn:aws:ec2:us-west-2:262683030539:subnet/subnet-03f426e3b137ca20c","vpc-028e25b51d6489534"
"subnet-0ccdaad1e2cca4e3d","10.133.30.0/24","uber-DB Subnet 3","us-west-2c","usw2-az3","arn:aws:ec2:us-west-2:262683030539:subnet/subnet-0ccdaad1e2cca4e3d","vpc-050b88d7f97ffbf99"
"subnet-03d33ffba735f378e","10.133.40.0/22","intuit-Private Subnet 3","us-west-2c","usw2-az3","arn:aws:ec2:us-west-2:262683030539:subnet/subnet-03d33ffba735f378e","vpc-072496937c8129958"
"subnet-0f299c7f48b2b9ea1","10.133.31.240/28","uber-pan-prod-LambdaSubnetAz2","us-west-2b","usw2-az1","arn:aws:ec2:us-west-2:262683030539:subnet/subnet-0f299c7f48b2b9ea1","vpc-050b88d7f97ffbf99"
"subnet-0f34e90e282928b1c","10.133.31.192/27","uber-pan-prod-UNTRUSTSubnet2","us-west-2b","usw2-az1","arn:aws:ec2:us-west-2:262683030539:subnet/subnet-0f34e90e282928b1c","vpc-050b88d7f97ffbf99"
"subnet-097705dbcd7753813","10.133.8.0/22","gbr-Private Subnet 3","us-west-2c","usw2-az3","arn:aws:ec2:us-west-2:262683030539:subnet/subnet-097705dbcd7753813","vpc-0d2a0ebcac315c99a"
"subnet-05870f5dcdd26608b","10.133.47.0/27","intuit-pan-prod-MGMTSubnetAz1","us-west-2a","usw2-az2","arn:aws:ec2:us-west-2:262683030539:subnet/subnet-05870f5dcdd26608b","vpc-072496937c8129958"
"subnet-09cb21464926f029d","10.133.36.0/22","intuit-Private Subnet 2","us-west-2b","usw2-az1","arn:aws:ec2:us-west-2:262683030539:subnet/subnet-09cb21464926f029d","vpc-072496937c8129958"
"subnet-06de5562f26bce938","10.133.29.0/24","uber-DB Subnet 2","us-west-2b","usw2-az1","arn:aws:ec2:us-west-2:262683030539:subnet/subnet-06de5562f26bce938","vpc-050b88d7f97ffbf99"
"subnet-0525eb9eadf37fd38","10.133.45.0/24","intuit-DB Subnet 2","us-west-2b","usw2-az1","arn:aws:ec2:us-west-2:262683030539:subnet/subnet-0525eb9eadf37fd38","vpc-072496937c8129958"
"subnet-0603a5194d7377604","10.133.31.160/27","uber-pan-prod-TRUSTSubnet2","us-west-2b","usw2-az1","arn:aws:ec2:us-west-2:262683030539:subnet/subnet-0603a5194d7377604","vpc-050b88d7f97ffbf99"
"subnet-0107911e2fde56880","10.133.31.112/28","uber-pan-prod-LambdaSubnetAz1","us-west-2a","usw2-az2","arn:aws:ec2:us-west-2:262683030539:subnet/subnet-0107911e2fde56880","vpc-050b88d7f97ffbf99"
"subnet-0f5c2c3b8a8438aac","10.133.47.240/28","intuit-pan-prod-LambdaSubnetAz2","us-west-2b","usw2-az1","arn:aws:ec2:us-west-2:262683030539:subnet/subnet-0f5c2c3b8a8438aac","vpc-072496937c8129958"
"subnet-0dde65fc14e36fe54","10.133.31.64/27","uber-pan-prod-UNTRUSTSubnet1","us-west-2a","usw2-az2","arn:aws:ec2:us-west-2:262683030539:subnet/subnet-0dde65fc14e36fe54","vpc-050b88d7f97ffbf99"
"subnet-0d78b779fbe36459e","10.133.31.32/27","uber-pan-prod-TRUSTSubnet1","us-west-2a","usw2-az2","arn:aws:ec2:us-west-2:262683030539:subnet/subnet-0d78b779fbe36459e","vpc-050b88d7f97ffbf99"
"subnet-0de58382f3a64035a","10.131.228.0/24","gd-paloalto-baas-prod-LambdaSubnetAz1","us-west-2a","usw2-az2","arn:aws:ec2:us-west-2:262683030539:subnet/subnet-0de58382f3a64035a","vpc-028e25b51d6489534"
"subnet-01802c28c411466aa","10.133.47.192/27","intuit-pan-prod-UNTRUSTSubnet2","us-west-2b","usw2-az1","arn:aws:ec2:us-west-2:262683030539:subnet/subnet-01802c28c411466aa","vpc-072496937c8129958"
"subnet-0baa29e7654f1cdb3","10.133.14.0/24","gbr-DB Subnet 3","us-west-2c","usw2-az3","arn:aws:ec2:us-west-2:262683030539:subnet/subnet-0baa29e7654f1cdb3","vpc-0d2a0ebcac315c99a"
"subnet-009907fe7ec493f99","10.133.13.0/24","gbr-DB Subnet 2","us-west-2b","usw2-az1","arn:aws:ec2:us-west-2:262683030539:subnet/subnet-009907fe7ec493f99","vpc-0d2a0ebcac315c99a"
"subnet-0357c6642012c8b8a","10.133.47.64/27","intuit-pan-prod-UNTRUSTSubnet1","us-west-2a","usw2-az2","arn:aws:ec2:us-west-2:262683030539:subnet/subnet-0357c6642012c8b8a","vpc-072496937c8129958"
"subnet-0beb92f4c38dcaa83","10.131.208.0/21","baas-DB Subnet 3","us-west-2c","usw2-az3","arn:aws:ec2:us-west-2:262683030539:subnet/subnet-0beb92f4c38dcaa83","vpc-028e25b51d6489534"
"subnet-0ac2f70131bba0d7d","10.133.28.0/24","uber-DB Subnet 1","us-west-2a","usw2-az2","arn:aws:ec2:us-west-2:262683030539:subnet/subnet-0ac2f70131bba0d7d","vpc-050b88d7f97ffbf99"
"subnet-0bbe18b564e6557c0","10.133.0.0/22","gbr-Private Subnet 1","us-west-2a","usw2-az2","arn:aws:ec2:us-west-2:262683030539:subnet/subnet-0bbe18b564e6557c0","vpc-0d2a0ebcac315c99a"
"subnet-0119cfb01b760ab29","10.131.243.0/24","gd-paloalto-baas-prod-NATGWSubnetAz2","us-west-2b","usw2-az1","arn:aws:ec2:us-west-2:262683030539:subnet/subnet-0119cfb01b760ab29","vpc-028e25b51d6489534"
"subnet-04d1b951a94ec4ba4","10.131.244.0/24","gd-paloalto-baas-prod-LambdaSubnetAz2","us-west-2b","usw2-az1","arn:aws:ec2:us-west-2:262683030539:subnet/subnet-04d1b951a94ec4ba4","vpc-028e25b51d6489534"
"subnet-03d278142f92f5bcb","10.133.4.0/22","gbr-Private Subnet 2","us-west-2b","usw2-az1","arn:aws:ec2:us-west-2:262683030539:subnet/subnet-03d278142f92f5bcb","vpc-0d2a0ebcac315c99a"
"subnet-0baaf6f2ff778bff5","10.133.24.0/22","uber-Private Subnet 3","us-west-2c","usw2-az3","arn:aws:ec2:us-west-2:262683030539:subnet/subnet-0baaf6f2ff778bff5","vpc-050b88d7f97ffbf99"
"subnet-0f7dbbb7a308c5249","10.131.128.0/18","baas-Private Subnet 3","us-west-2c","usw2-az3","arn:aws:ec2:us-west-2:262683030539:subnet/subnet-0f7dbbb7a308c5249","vpc-028e25b51d6489534"
"subnet-0c56abb06bc7c2d07","10.131.64.0/18","baas-Private Subnet 2","us-west-2b","usw2-az1","arn:aws:ec2:us-west-2:262683030539:subnet/subnet-0c56abb06bc7c2d07","vpc-028e25b51d6489534"
"subnet-00bee3c09ace341f3","10.133.47.160/27","intuit-pan-prod-TRUSTSubnet2","us-west-2b","usw2-az1","arn:aws:ec2:us-west-2:262683030539:subnet/subnet-00bee3c09ace341f3","vpc-072496937c8129958"
"subnet-0aed99d967c0d95b2","10.133.16.0/22","uber-Private Subnet 1","us-west-2a","usw2-az2","arn:aws:ec2:us-west-2:262683030539:subnet/subnet-0aed99d967c0d95b2","vpc-050b88d7f97ffbf99"
"subnet-06f6118d751b8c630","10.133.12.0/24","gbr-DB Subnet 1","us-west-2a","usw2-az2","arn:aws:ec2:us-west-2:262683030539:subnet/subnet-06f6118d751b8c630","vpc-0d2a0ebcac315c99a"
"subnet-0ba2c1f8e27a8f14a","10.131.242.0/24","gd-paloalto-baas-prod-UNTRUSTSubnet2","us-west-2b","usw2-az1","arn:aws:ec2:us-west-2:262683030539:subnet/subnet-0ba2c1f8e27a8f14a","vpc-028e25b51d6489534"
"subnet-06e2ed4e9e4fcb0bf","10.131.240.0/24","gd-paloalto-baas-prod-MGMTSubnetAz2","us-west-2b","usw2-az1","arn:aws:ec2:us-west-2:262683030539:subnet/subnet-06e2ed4e9e4fcb0bf","vpc-028e25b51d6489534"
"subnet-016c2690e130cbcb3","10.131.225.0/24","gd-paloalto-baas-prod-TRUSTSubnet1","us-west-2a","usw2-az2","arn:aws:ec2:us-west-2:262683030539:subnet/subnet-016c2690e130cbcb3","vpc-028e25b51d6489534"
"subnet-0931b04aeb6c9b6c0","10.131.227.0/24","gd-paloalto-baas-prod-NATGWSubnetAz1","us-west-2a","usw2-az2","arn:aws:ec2:us-west-2:262683030539:subnet/subnet-0931b04aeb6c9b6c0","vpc-028e25b51d6489534"
"subnet-05af160fbf8880262","10.133.31.224/28","uber-pan-prod-NATGWSubnetAz2","us-west-2b","usw2-az1","arn:aws:ec2:us-west-2:262683030539:subnet/subnet-05af160fbf8880262","vpc-050b88d7f97ffbf99"
"subnet-09e5b5b5a935eeeff","10.131.226.0/24","gd-paloalto-baas-prod-UNTRUSTSubnet1","us-west-2a","usw2-az2","arn:aws:ec2:us-west-2:262683030539:subnet/subnet-09e5b5b5a935eeeff","vpc-028e25b51d6489534"
"subnet-088741fcbc4d5e5a5","10.133.20.0/22","uber-Private Subnet 2","us-west-2b","usw2-az1","arn:aws:ec2:us-west-2:262683030539:subnet/subnet-088741fcbc4d5e5a5","vpc-050b88d7f97ffbf99"
"subnet-02b98716b439efff8","10.133.47.32/27","intuit-pan-prod-TRUSTSubnet1","us-west-2a","usw2-az2","arn:aws:ec2:us-west-2:262683030539:subnet/subnet-02b98716b439efff8","vpc-072496937c8129958"
"subnet-01a856d50b6d8d76b","10.131.241.0/24","gd-paloalto-baas-prod-TRUSTSubnet2","us-west-2b","usw2-az1","arn:aws:ec2:us-west-2:262683030539:subnet/subnet-01a856d50b6d8d76b","vpc-028e25b51d6489534"
"subnet-0fcd07407a755f57a","10.133.31.128/27","uber-pan-prod-MGMTSubnetAz2","us-west-2b","usw2-az1","arn:aws:ec2:us-west-2:262683030539:subnet/subnet-0fcd07407a755f57a","vpc-050b88d7f97ffbf99"
"subnet-01b6b672b0017e1fe","10.133.47.128/27","intuit-pan-prod-MGMTSubnetAz2","us-west-2b","usw2-az1","arn:aws:ec2:us-west-2:262683030539:subnet/subnet-01b6b672b0017e1fe","vpc-072496937c8129958"
"subnet-01fe131a722d918ef","10.133.47.96/28","intuit-pan-prod-NATGWSubnetAz1","us-west-2a","usw2-az2","arn:aws:ec2:us-west-2:262683030539:subnet/subnet-01fe131a722d918ef","vpc-072496937c8129958"
"subnet-0a3c9f3e4f45e579f","10.133.31.0/27","uber-pan-prod-MGMTSubnetAz1","us-west-2a","usw2-az2","arn:aws:ec2:us-west-2:262683030539:subnet/subnet-0a3c9f3e4f45e579f","vpc-050b88d7f97ffbf99"
"subnet-033d67819d2e50a85","10.66.244.0/24","gd-paloalto-baas-pie-LambdaSubnetAz2","us-west-2b","usw2-az2","arn:aws:ec2:us-west-2:500545396857:subnet/subnet-033d67819d2e50a85","vpc-0099a20e72898796f"
"subnet-0c9540cea47aa35f2","10.66.0.0/18","Private Subnet 1","us-west-2a","usw2-az1","arn:aws:ec2:us-west-2:500545396857:subnet/subnet-0c9540cea47aa35f2","vpc-0099a20e72898796f"
"subnet-0fe485de65167ea9b","10.66.227.0/24","gd-paloalto-baas-pie-NATGWSubnetAz1","us-west-2a","usw2-az1","arn:aws:ec2:us-west-2:500545396857:subnet/subnet-0fe485de65167ea9b","vpc-0099a20e72898796f"
"subnet-0f4fae5a8ef453c61","10.66.241.0/24","gd-paloalto-baas-pie-TRUSTSubnet2","us-west-2b","usw2-az2","arn:aws:ec2:us-west-2:500545396857:subnet/subnet-0f4fae5a8ef453c61","vpc-0099a20e72898796f"
"subnet-0b93048868cc1d61b","10.66.243.0/24","gd-paloalto-baas-pie-NATGWSubnetAz2","us-west-2b","usw2-az2","arn:aws:ec2:us-west-2:500545396857:subnet/subnet-0b93048868cc1d61b","vpc-0099a20e72898796f"
"subnet-02cdb0b993d89a5c6","10.66.240.0/24","gd-paloalto-baas-pie-MGMTSubnetAz2","us-west-2b","usw2-az2","arn:aws:ec2:us-west-2:500545396857:subnet/subnet-02cdb0b993d89a5c6","vpc-0099a20e72898796f"
"subnet-0bf15155b5af41677","10.66.208.0/21","DB Subnet 3","us-west-2c","usw2-az3","arn:aws:ec2:us-west-2:500545396857:subnet/subnet-0bf15155b5af41677","vpc-0099a20e72898796f"
"subnet-0a26411964ecb5892","10.66.226.0/24","gd-paloalto-baas-pie-UNTRUSTSubnet1","us-west-2a","usw2-az1","arn:aws:ec2:us-west-2:500545396857:subnet/subnet-0a26411964ecb5892","vpc-0099a20e72898796f"
"subnet-0a3f8b55c1c527cdc","10.66.200.0/21","DB Subnet 2","us-west-2b","usw2-az2","arn:aws:ec2:us-west-2:500545396857:subnet/subnet-0a3f8b55c1c527cdc","vpc-0099a20e72898796f"
"subnet-04f56190b7d583f55","10.66.128.0/18","Private Subnet 3","us-west-2c","usw2-az3","arn:aws:ec2:us-west-2:500545396857:subnet/subnet-04f56190b7d583f55","vpc-0099a20e72898796f"
"subnet-002e7d86527310889","10.66.242.0/24","gd-paloalto-baas-pie-UNTRUSTSubnet2","us-west-2b","usw2-az2","arn:aws:ec2:us-west-2:500545396857:subnet/subnet-002e7d86527310889","vpc-0099a20e72898796f"
"subnet-0a76604aa1e71ca28","10.66.225.0/24","gd-paloalto-baas-pie-TRUSTSubnet1","us-west-2a","usw2-az1","arn:aws:ec2:us-west-2:500545396857:subnet/subnet-0a76604aa1e71ca28","vpc-0099a20e72898796f"
"subnet-0d34c99b0b596d1fc","10.66.64.0/18","Private Subnet 2","us-west-2b","usw2-az2","arn:aws:ec2:us-west-2:500545396857:subnet/subnet-0d34c99b0b596d1fc","vpc-0099a20e72898796f"
"subnet-0170db17929c65728","10.66.228.0/24","gd-paloalto-baas-pie-LambdaSubnetAz1","us-west-2a","usw2-az1","arn:aws:ec2:us-west-2:500545396857:subnet/subnet-0170db17929c65728","vpc-0099a20e72898796f"
"subnet-0e1365e0aeb7b8e55","10.66.192.0/21","DB Subnet 1","us-west-2a","usw2-az1","arn:aws:ec2:us-west-2:500545396857:subnet/subnet-0e1365e0aeb7b8e55","vpc-0099a20e72898796f"
"subnet-0a32f1f6223547096","10.66.224.0/24","gd-paloalto-baas-pie-MGMTSubnetAz1","us-west-2a","usw2-az1","arn:aws:ec2:us-west-2:500545396857:subnet/subnet-0a32f1f6223547096","vpc-0099a20e72898796f"
"subnet-0a592b0ec41048d61","192.168.0.0/19","eksctl-eksworkshop-eksctl-cluster/SubnetPublicUSWEST2A","us-west-2a","usw2-az2","arn:aws:ec2:us-west-2:257873977405:subnet/subnet-0a592b0ec41048d61","vpc-0a50c3d583c9d1022"
"subnet-0360a55e53d224e74","10.69.0.0/18","Private Subnet 1","us-west-2a","usw2-az2","arn:aws:ec2:us-west-2:257873977405:subnet/subnet-0360a55e53d224e74","vpc-0030891955f29f763"
"subnet-0ed63aa5fd241cb17","10.69.200.0/21","DB Subnet 2","us-west-2b","usw2-az1","arn:aws:ec2:us-west-2:257873977405:subnet/subnet-0ed63aa5fd241cb17","vpc-0030891955f29f763"
"subnet-0c2292413b16e542f","10.69.192.0/21","DB Subnet 1","us-west-2a","usw2-az2","arn:aws:ec2:us-west-2:257873977405:subnet/subnet-0c2292413b16e542f","vpc-0030891955f29f763"
"subnet-02d90b446e3304714","192.168.96.0/19","eksctl-eksworkshop-eksctl-cluster/SubnetPrivateUSWEST2A","us-west-2a","usw2-az2","arn:aws:ec2:us-west-2:257873977405:subnet/subnet-02d90b446e3304714","vpc-0a50c3d583c9d1022"
"subnet-0487f05f374c9309d","10.100.11.0/24","SpinnakerVPC.external.us-west-2b spinnaker","us-west-2b","usw2-az1","arn:aws:ec2:us-west-2:257873977405:subnet/subnet-0487f05f374c9309d","vpc-0d98233e6be9224bb"
"subnet-0eca018c3daf35e59","10.100.10.0/24","spinnaker SpinnakerVPC.external.us-west-2a","us-west-2a","usw2-az2","arn:aws:ec2:us-west-2:257873977405:subnet/subnet-0eca018c3daf35e59","vpc-0d98233e6be9224bb"
"subnet-04f4d5844e9b8cf1e","10.69.208.0/21","DB Subnet 3","us-west-2c","usw2-az3","arn:aws:ec2:us-west-2:257873977405:subnet/subnet-04f4d5844e9b8cf1e","vpc-0030891955f29f763"
"subnet-0dc855ecccf1b3e92","192.168.32.0/19","eksctl-eksworkshop-eksctl-cluster/SubnetPublicUSWEST2B","us-west-2b","usw2-az1","arn:aws:ec2:us-west-2:257873977405:subnet/subnet-0dc855ecccf1b3e92","vpc-0a50c3d583c9d1022"
"subnet-02b4021554a7538f5","192.168.160.0/19","eksctl-eksworkshop-eksctl-cluster/SubnetPrivateUSWEST2C","us-west-2c","usw2-az3","arn:aws:ec2:us-west-2:257873977405:subnet/subnet-02b4021554a7538f5","vpc-0a50c3d583c9d1022"
"subnet-07036ddc6a0aa363b","192.168.64.0/19","eksctl-eksworkshop-eksctl-cluster/SubnetPublicUSWEST2C","us-west-2c","usw2-az3","arn:aws:ec2:us-west-2:257873977405:subnet/subnet-07036ddc6a0aa363b","vpc-0a50c3d583c9d1022"
"subnet-018094e00027f1b4f","10.69.64.0/18","Private Subnet 2","us-west-2b","usw2-az1","arn:aws:ec2:us-west-2:257873977405:subnet/subnet-018094e00027f1b4f","vpc-0030891955f29f763"
"subnet-02440e2203999ac5a","192.168.128.0/19","eksctl-eksworkshop-eksctl-cluster/SubnetPrivateUSWEST2B","us-west-2b","usw2-az1","arn:aws:ec2:us-west-2:257873977405:subnet/subnet-02440e2203999ac5a","vpc-0a50c3d583c9d1022"
"subnet-0db0e6a680dad074e","10.69.128.0/18","Private Subnet 3","us-west-2c","usw2-az3","arn:aws:ec2:us-west-2:257873977405:subnet/subnet-0db0e6a680dad074e","vpc-0030891955f29f763"
"subnet-08c4ebd4aceabf0f6","10.63.243.0/24","gd-paloalto-baas-dev-NATGWSubnetAz2","us-west-2b","usw2-az2","arn:aws:ec2:us-west-2:159865129828:subnet/subnet-08c4ebd4aceabf0f6","vpc-0465efed498b08db0"
"subnet-0baef2e4223433ca5","10.63.224.0/24","gd-paloalto-baas-dev-MGMTSubnetAz1","us-west-2a","usw2-az1","arn:aws:ec2:us-west-2:159865129828:subnet/subnet-0baef2e4223433ca5","vpc-0465efed498b08db0"
"subnet-0c2065550e9b5ec0d","10.63.225.0/24","gd-paloalto-baas-dev-TRUSTSubnet1","us-west-2a","usw2-az1","arn:aws:ec2:us-west-2:159865129828:subnet/subnet-0c2065550e9b5ec0d","vpc-0465efed498b08db0"
"subnet-0a7e47d0eff2f5a1d","10.63.241.0/24","gd-paloalto-baas-dev-TRUSTSubnet2","us-west-2b","usw2-az2","arn:aws:ec2:us-west-2:159865129828:subnet/subnet-0a7e47d0eff2f5a1d","vpc-0465efed498b08db0"
"subnet-0220d1aa1ad50f805","10.63.226.0/24","gd-paloalto-baas-dev-UNTRUSTSubnet1","us-west-2a","usw2-az1","arn:aws:ec2:us-west-2:159865129828:subnet/subnet-0220d1aa1ad50f805","vpc-0465efed498b08db0"
"subnet-0dbe11a7bcf8b463d","10.63.208.0/21","DB Subnet 3","us-west-2c","usw2-az3","arn:aws:ec2:us-west-2:159865129828:subnet/subnet-0dbe11a7bcf8b463d","vpc-0465efed498b08db0"
"subnet-053ae6e1d1d8c24c2","10.63.240.0/24","gd-paloalto-baas-dev-MGMTSubnetAz2","us-west-2b","usw2-az2","arn:aws:ec2:us-west-2:159865129828:subnet/subnet-053ae6e1d1d8c24c2","vpc-0465efed498b08db0"
"subnet-00c1c9c0abe2fc942","10.63.227.0/24","gd-paloalto-baas-dev-NATGWSubnetAz1","us-west-2a","usw2-az1","arn:aws:ec2:us-west-2:159865129828:subnet/subnet-00c1c9c0abe2fc942","vpc-0465efed498b08db0"
"subnet-00c8f592d3eeb0131","10.63.64.0/18","Private Subnet 2","us-west-2b","usw2-az2","arn:aws:ec2:us-west-2:159865129828:subnet/subnet-00c8f592d3eeb0131","vpc-0465efed498b08db0"
"subnet-0f301dcf17c4e1d3d","10.63.200.0/21","DB Subnet 2","us-west-2b","usw2-az2","arn:aws:ec2:us-west-2:159865129828:subnet/subnet-0f301dcf17c4e1d3d","vpc-0465efed498b08db0"
"subnet-083f6c98c34a37d5b","10.63.0.0/18","Private Subnet 1","us-west-2a","usw2-az1","arn:aws:ec2:us-west-2:159865129828:subnet/subnet-083f6c98c34a37d5b","vpc-0465efed498b08db0"
"subnet-04fdb59600c946b82","10.63.242.0/24","gd-paloalto-baas-dev-UNTRUSTSubnet2","us-west-2b","usw2-az2","arn:aws:ec2:us-west-2:159865129828:subnet/subnet-04fdb59600c946b82","vpc-0465efed498b08db0"
"subnet-05fde00e32e757810","10.63.192.0/21","DB Subnet 1","us-west-2a","usw2-az1","arn:aws:ec2:us-west-2:159865129828:subnet/subnet-05fde00e32e757810","vpc-0465efed498b08db0"
"subnet-00df4e43475bf871f","10.63.244.0/24","gd-paloalto-baas-dev-LambdaSubnetAz2","us-west-2b","usw2-az2","arn:aws:ec2:us-west-2:159865129828:subnet/subnet-00df4e43475bf871f","vpc-0465efed498b08db0"
"subnet-05c404c8f27fdaf37","10.63.128.0/18","Private Subnet 3","us-west-2c","usw2-az3","arn:aws:ec2:us-west-2:159865129828:subnet/subnet-05c404c8f27fdaf37","vpc-0465efed498b08db0"
"subnet-0e83d58bcfeaf638e","10.63.228.0/24","gd-paloalto-baas-dev-LambdaSubnetAz1","us-west-2a","usw2-az1","arn:aws:ec2:us-west-2:159865129828:subnet/subnet-0e83d58bcfeaf638e","vpc-0465efed498b08db0"
"subnet-0f8426f913f82a1d6","10.65.200.0/21","DB Subnet 2","us-west-2b","usw2-az1","arn:aws:ec2:us-west-2:372834007176:subnet/subnet-0f8426f913f82a1d6","vpc-00357bc2b247b9c8b"
"subnet-098f785e641d78e95","10.65.128.0/18","Private Subnet 3","us-west-2c","usw2-az3","arn:aws:ec2:us-west-2:372834007176:subnet/subnet-098f785e641d78e95","vpc-00357bc2b247b9c8b"
"subnet-0c9488009ce02b298","10.65.208.0/21","DB Subnet 3","us-west-2c","usw2-az3","arn:aws:ec2:us-west-2:372834007176:subnet/subnet-0c9488009ce02b298","vpc-00357bc2b247b9c8b"
"subnet-02ccff9e3c87c9da2","10.65.192.0/21","DB Subnet 1","us-west-2a","usw2-az2","arn:aws:ec2:us-west-2:372834007176:subnet/subnet-02ccff9e3c87c9da2","vpc-00357bc2b247b9c8b"
"subnet-076532d5d565da132","10.65.0.0/18","Private Subnet 1","us-west-2a","usw2-az2","arn:aws:ec2:us-west-2:372834007176:subnet/subnet-076532d5d565da132","vpc-00357bc2b247b9c8b"
"subnet-0973c00cd654f3811","10.65.64.0/18","Private Subnet 2","us-west-2b","usw2-az1","arn:aws:ec2:us-west-2:372834007176:subnet/subnet-0973c00cd654f3811","vpc-00357bc2b247b9c8b"
"subnet-00dd9cb40285fb3fa","10.62.251.128/25","paloalto-ssnp-LambdaSubnetAz1","us-west-2a","usw2-az1","arn:aws:ec2:us-west-2:167692690747:subnet/subnet-00dd9cb40285fb3fa","vpc-0da7757ff72ee784f"
"subnet-00ff95174383f1c7b","10.62.253.0/24","paloalto-ssnp-TRUSTSubnet2","us-west-2b","usw2-az2","arn:aws:ec2:us-west-2:167692690747:subnet/subnet-00ff95174383f1c7b","vpc-0da7757ff72ee784f"
"subnet-0a72c4efd52aa3ca5","10.62.254.0/24","paloalto-ssnp-UNTRUSTSubnet2","us-west-2b","usw2-az2","arn:aws:ec2:us-west-2:167692690747:subnet/subnet-0a72c4efd52aa3ca5","vpc-0da7757ff72ee784f"
"subnet-01e861bf4d4db677b","10.62.247.0/25","PAN-DB Subnet 3","us-west-2c","usw2-az3","arn:aws:ec2:us-west-2:167692690747:subnet/subnet-01e861bf4d4db677b","vpc-0da7757ff72ee784f"
"subnet-0d831425485cbb391","10.62.24.0/23","DSNnp-Private Subnet 2A","us-west-2b","usw2-az2","arn:aws:ec2:us-west-2:167692690747:subnet/subnet-0d831425485cbb391","vpc-08ae693aaee32a1a2"
"subnet-0dc431cf96aa1f4ce","10.62.20.0/23","DSNnp-Public Subnet 3","us-west-2c","usw2-az3","arn:aws:ec2:us-west-2:167692690747:subnet/subnet-0dc431cf96aa1f4ce","vpc-08ae693aaee32a1a2"
"subnet-0bcd65db070cc8608","10.62.249.0/24","paloalto-ssnp-TRUSTSubnet1","us-west-2a","usw2-az1","arn:aws:ec2:us-west-2:167692690747:subnet/subnet-0bcd65db070cc8608","vpc-0da7757ff72ee784f"
"subnet-02bd62665005588ac","10.62.18.0/23","DSNnp-Public Subnet 2","us-west-2b","usw2-az2","arn:aws:ec2:us-west-2:167692690747:subnet/subnet-02bd62665005588ac","vpc-08ae693aaee32a1a2"
"subnet-00b8d81ecaa4a58d8","10.62.16.0/23","DSNnp-Public Subnet 1","us-west-2a","usw2-az1","arn:aws:ec2:us-west-2:167692690747:subnet/subnet-00b8d81ecaa4a58d8","vpc-08ae693aaee32a1a2"
"subnet-0dcd795490d0e59e3","10.62.255.0/25","paloalto-ssnp-NATGWSubnetAz2","us-west-2b","usw2-az2","arn:aws:ec2:us-west-2:167692690747:subnet/subnet-0dcd795490d0e59e3","vpc-0da7757ff72ee784f"
"subnet-06c6f623004181eb8","10.62.26.0/23","DSNnp-Private Subnet 3A","us-west-2c","usw2-az3","arn:aws:ec2:us-west-2:167692690747:subnet/subnet-06c6f623004181eb8","vpc-08ae693aaee32a1a2"
"subnet-0213f9f1c91911d64","10.62.248.0/24","paloalto-ssnp-MGMTSubnetAz1","us-west-2a","usw2-az1","arn:aws:ec2:us-west-2:167692690747:subnet/subnet-0213f9f1c91911d64","vpc-0da7757ff72ee784f"
"subnet-0cdb1828f22285cfa","10.62.242.0/23","PAN-Private Subnet 2","us-west-2b","usw2-az2","arn:aws:ec2:us-west-2:167692690747:subnet/subnet-0cdb1828f22285cfa","vpc-0da7757ff72ee784f"
"subnet-06e30135469ef34ee","10.62.246.0/25","PAN-DB Subnet 1","us-west-2a","usw2-az1","arn:aws:ec2:us-west-2:167692690747:subnet/subnet-06e30135469ef34ee","vpc-0da7757ff72ee784f"
"subnet-07e4aa3a555c5d940","10.62.6.0/23","SSNP-Private Subnet 1A","us-west-2a","usw2-az1","arn:aws:ec2:us-west-2:167692690747:subnet/subnet-07e4aa3a555c5d940","vpc-04611e91b8e2f6d72"
"subnet-0a3dd343af59367a9","10.62.0.0/23","SSNP-Public Subnet 1","us-west-2a","usw2-az1","arn:aws:ec2:us-west-2:167692690747:subnet/subnet-0a3dd343af59367a9","vpc-04611e91b8e2f6d72"
"subnet-094b77b6311757ad3","10.62.10.0/23","SSNP-Private Subnet 3A","us-west-2c","usw2-az3","arn:aws:ec2:us-west-2:167692690747:subnet/subnet-094b77b6311757ad3","vpc-04611e91b8e2f6d72"
"subnet-0520b60fd6f49b1d7","10.62.22.0/23","DSNnp-Private Subnet 1A","us-west-2a","usw2-az1","arn:aws:ec2:us-west-2:167692690747:subnet/subnet-0520b60fd6f49b1d7","vpc-08ae693aaee32a1a2"
"subnet-0e4b31a487b0ede0f","10.62.2.0/23","SSNP-Public Subnet 2","us-west-2b","usw2-az2","arn:aws:ec2:us-west-2:167692690747:subnet/subnet-0e4b31a487b0ede0f","vpc-04611e91b8e2f6d72"
"subnet-0ddd4e43c0366faef","10.62.246.128/25","PAN-DB Subnet 2","us-west-2b","usw2-az2","arn:aws:ec2:us-west-2:167692690747:subnet/subnet-0ddd4e43c0366faef","vpc-0da7757ff72ee784f"
"subnet-0f32f436c3e8f1b72","10.62.250.0/24","paloalto-ssnp-UNTRUSTSubnet1","us-west-2a","usw2-az1","arn:aws:ec2:us-west-2:167692690747:subnet/subnet-0f32f436c3e8f1b72","vpc-0da7757ff72ee784f"
"subnet-0e57a9a6c5be7bfe9","10.62.251.0/25","paloalto-ssnp-NATGWSubnetAz1","us-west-2a","usw2-az1","arn:aws:ec2:us-west-2:167692690747:subnet/subnet-0e57a9a6c5be7bfe9","vpc-0da7757ff72ee784f"
"subnet-01d5d0705682cc555","10.62.240.0/23","PAN-Private Subnet 1","us-west-2a","usw2-az1","arn:aws:ec2:us-west-2:167692690747:subnet/subnet-01d5d0705682cc555","vpc-0da7757ff72ee784f"
"subnet-0db81774f91f209b7","10.62.4.0/23","SSNP-Public Subnet 3","us-west-2c","usw2-az3","arn:aws:ec2:us-west-2:167692690747:subnet/subnet-0db81774f91f209b7","vpc-04611e91b8e2f6d72"
"subnet-08bf1f4adeacb5ed8","10.62.255.128/25","paloalto-ssnp-LambdaSubnetAz2","us-west-2b","usw2-az2","arn:aws:ec2:us-west-2:167692690747:subnet/subnet-08bf1f4adeacb5ed8","vpc-0da7757ff72ee784f"
"subnet-097c40a7552828f55","10.62.8.0/23","SSNP-Private Subnet 2A","us-west-2b","usw2-az2","arn:aws:ec2:us-west-2:167692690747:subnet/subnet-097c40a7552828f55","vpc-04611e91b8e2f6d72"
"subnet-096d9c4c7cf68c98b","10.62.252.0/24","paloalto-ssnp-MGMTSubnetAz2","us-west-2b","usw2-az2","arn:aws:ec2:us-west-2:167692690747:subnet/subnet-096d9c4c7cf68c98b","vpc-0da7757ff72ee784f"
"subnet-05464bc1ed66bf3bc","10.62.244.0/23","PAN-Private Subnet 3","us-west-2c","usw2-az3","arn:aws:ec2:us-west-2:167692690747:subnet/subnet-05464bc1ed66bf3bc","vpc-0da7757ff72ee784f"
"subnet-01e1a6d28f910dc7c","10.132.49.0/24","PAN-Private Subnet 2A","us-west-2b","usw2-az2","arn:aws:ec2:us-west-2:805088162977:subnet/subnet-01e1a6d28f910dc7c","vpc-00e6dab9f72c07957"
"subnet-08f630545501a3106","10.132.18.0/23","DSN-Public Subnet 2","us-west-2b","usw2-az2","arn:aws:ec2:us-west-2:805088162977:subnet/subnet-08f630545501a3106","vpc-0b299acf9539b21a3"
"subnet-0b08e4cfe6af0cbe5","10.132.52.208/28","paloalto-trust-2b","us-west-2b","usw2-az2","arn:aws:ec2:us-west-2:805088162977:subnet/subnet-0b08e4cfe6af0cbe5","vpc-00e6dab9f72c07957"
"subnet-05af4b02815397708","10.132.16.0/23","DSN-Public Subnet 1","us-west-2a","usw2-az1","arn:aws:ec2:us-west-2:805088162977:subnet/subnet-05af4b02815397708","vpc-0b299acf9539b21a3"
"subnet-0239954b2e1dfec9b","10.132.20.0/23","DSN-Public Subnet 3","us-west-2c","usw2-az3","arn:aws:ec2:us-west-2:805088162977:subnet/subnet-0239954b2e1dfec9b","vpc-0b299acf9539b21a3"
"subnet-0a0171105747858fc","10.132.24.0/23","DSN-Private Subnet 2A","us-west-2b","usw2-az2","arn:aws:ec2:us-west-2:805088162977:subnet/subnet-0a0171105747858fc","vpc-0b299acf9539b21a3"
"subnet-091444ec7897b6ef5","10.132.0.0/23","SS-Public Subnet 1","us-west-2c","usw2-az3","arn:aws:ec2:us-west-2:805088162977:subnet/subnet-091444ec7897b6ef5","vpc-06af2a9f3b3aafe4d"
"subnet-0a2237794f684e1e9","10.132.10.0/23","SS-Private Subnet 3A","us-west-2b","usw2-az2","arn:aws:ec2:us-west-2:805088162977:subnet/subnet-0a2237794f684e1e9","vpc-06af2a9f3b3aafe4d"
"subnet-0ead91387438ab11e","10.132.26.0/23","DSN-Private Subnet 3A","us-west-2c","usw2-az3","arn:aws:ec2:us-west-2:805088162977:subnet/subnet-0ead91387438ab11e","vpc-0b299acf9539b21a3"
"subnet-04d0c9586774983f1","10.132.52.128/28","paloalto-mgmt-2a","us-west-2a","usw2-az1","arn:aws:ec2:us-west-2:805088162977:subnet/subnet-04d0c9586774983f1","vpc-00e6dab9f72c07957"
"subnet-0f03cef8722da639c","10.132.51.0/25","PAN-DB Subnet 1","us-west-2a","usw2-az1","arn:aws:ec2:us-west-2:805088162977:subnet/subnet-0f03cef8722da639c","vpc-00e6dab9f72c07957"
"subnet-0baf51d54ec6a18c0","10.132.8.0/23","SS-Private Subnet 2A","us-west-2a","usw2-az1","arn:aws:ec2:us-west-2:805088162977:subnet/subnet-0baf51d54ec6a18c0","vpc-06af2a9f3b3aafe4d"
"subnet-009dbc0f55e132b61","10.132.52.0/25","PAN-DB Subnet 3","us-west-2c","usw2-az3","arn:aws:ec2:us-west-2:805088162977:subnet/subnet-009dbc0f55e132b61","vpc-00e6dab9f72c07957"
"subnet-05164fa276119fbbd","10.132.2.0/23","SS-Public Subnet 2","us-west-2a","usw2-az1","arn:aws:ec2:us-west-2:805088162977:subnet/subnet-05164fa276119fbbd","vpc-06af2a9f3b3aafe4d"
"subnet-021c519ca41a4993a","10.132.22.0/23","DSN-Private Subnet 1A","us-west-2a","usw2-az1","arn:aws:ec2:us-west-2:805088162977:subnet/subnet-021c519ca41a4993a","vpc-0b299acf9539b21a3"
"subnet-0f1427dbe55d6ed1e","10.132.52.160/28","paloalto-trust-2a","us-west-2a","usw2-az1","arn:aws:ec2:us-west-2:805088162977:subnet/subnet-0f1427dbe55d6ed1e","vpc-00e6dab9f72c07957"
"subnet-0a3d97459b8524985","10.132.52.176/28","paloalto-mgmt-2b","us-west-2b","usw2-az2","arn:aws:ec2:us-west-2:805088162977:subnet/subnet-0a3d97459b8524985","vpc-00e6dab9f72c07957"
"subnet-0e035d43b56564f02","10.132.51.128/25","PAN-DB Subnet 2","us-west-2b","usw2-az2","arn:aws:ec2:us-west-2:805088162977:subnet/subnet-0e035d43b56564f02","vpc-00e6dab9f72c07957"
"subnet-0c28660073fdc931b","10.132.50.0/24","PAN-Private Subnet 3A","us-west-2c","usw2-az3","arn:aws:ec2:us-west-2:805088162977:subnet/subnet-0c28660073fdc931b","vpc-00e6dab9f72c07957"
"subnet-0ab304698c02e36ca","10.132.48.0/24","PAN-Private Subnet 1A","us-west-2a","usw2-az1","arn:aws:ec2:us-west-2:805088162977:subnet/subnet-0ab304698c02e36ca","vpc-00e6dab9f72c07957"
"subnet-0cba89c60cca01e83","10.132.52.144/28","paloalto-untrust-2a","us-west-2a","usw2-az1","arn:aws:ec2:us-west-2:805088162977:subnet/subnet-0cba89c60cca01e83","vpc-00e6dab9f72c07957"
"subnet-08567211c54672c25","10.132.6.0/23","SS-Private Subnet 1A","us-west-2c","usw2-az3","arn:aws:ec2:us-west-2:805088162977:subnet/subnet-08567211c54672c25","vpc-06af2a9f3b3aafe4d"
"subnet-0f8c46ae5980d9d28","10.132.52.192/28","paloalto-untrust-2b","us-west-2b","usw2-az2","arn:aws:ec2:us-west-2:805088162977:subnet/subnet-0f8c46ae5980d9d28","vpc-00e6dab9f72c07957"
"subnet-01d69207983c6672f","10.132.4.0/23","SS-Public Subnet 3","us-west-2b","usw2-az2","arn:aws:ec2:us-west-2:805088162977:subnet/subnet-01d69207983c6672f","vpc-06af2a9f3b3aafe4d"
"subnet-0729981f399ef5fee","10.133.49.0/25","Private Subnet 2A","us-west-2b","usw2-az2","arn:aws:ec2:us-west-2:406649126167:subnet/subnet-0729981f399ef5fee","vpc-0810c0b5930b80aff"
"subnet-0e0835803e3ad2d85","10.133.49.128/25","Private Subnet 3A","us-west-2c","usw2-az3","arn:aws:ec2:us-west-2:406649126167:subnet/subnet-0e0835803e3ad2d85","vpc-0810c0b5930b80aff"
"subnet-0689b8455f31c32b7","10.133.48.0/24","Private Subnet 1A","us-west-2a","usw2-az1","arn:aws:ec2:us-west-2:406649126167:subnet/subnet-0689b8455f31c32b7","vpc-0810c0b5930b80aff"
"subnet-0dde8c2a7198d8899","10.61.104.0/21","Private Subnet 2A","us-west-2b","usw2-az1","arn:aws:ec2:us-west-2:521562510525:subnet/subnet-0dde8c2a7198d8899","vpc-028da273504083fa2"
"subnet-048b8fd14c2a33d17","10.61.96.0/21","Private Subnet 1A","us-west-2a","usw2-az2","arn:aws:ec2:us-west-2:521562510525:subnet/subnet-048b8fd14c2a33d17","vpc-028da273504083fa2"
"subnet-018de8f82d8706c01","10.61.122.0/23","DB Subnet 2","us-west-2b","usw2-az1","arn:aws:ec2:us-west-2:521562510525:subnet/subnet-018de8f82d8706c01","vpc-028da273504083fa2"
"subnet-066920845e6887ae5","10.61.120.0/23","DB Subnet 1","us-west-2a","usw2-az2","arn:aws:ec2:us-west-2:521562510525:subnet/subnet-066920845e6887ae5","vpc-028da273504083fa2"
"subnet-078ddef3182bca345","10.61.112.0/21","Private Subnet 3A","us-west-2c","usw2-az3","arn:aws:ec2:us-west-2:521562510525:subnet/subnet-078ddef3182bca345","vpc-028da273504083fa2"
"subnet-0d40bec8bbac3d78e","10.61.124.0/23","DB Subnet 3","us-west-2c","usw2-az3","arn:aws:ec2:us-west-2:521562510525:subnet/subnet-0d40bec8bbac3d78e","vpc-028da273504083fa2"
"subnet-085608fc6684ccb00","10.136.8.0/21","Private Subnet 2A","us-west-2b","usw2-az2","arn:aws:ec2:us-west-2:204326685116:subnet/subnet-085608fc6684ccb00","vpc-025ca1d4a3e451ee8"
"subnet-080772933887df406","10.136.0.0/21","Private Subnet 1A","us-west-2a","usw2-az1","arn:aws:ec2:us-west-2:204326685116:subnet/subnet-080772933887df406","vpc-025ca1d4a3e451ee8"
"subnet-0e5895258a2b57949","10.136.24.0/23","DB Subnet 1","us-west-2a","usw2-az1","arn:aws:ec2:us-west-2:204326685116:subnet/subnet-0e5895258a2b57949","vpc-025ca1d4a3e451ee8"
"subnet-09fb4d8b4d05db440","10.136.28.0/23","DB Subnet 3","us-west-2c","usw2-az3","arn:aws:ec2:us-west-2:204326685116:subnet/subnet-09fb4d8b4d05db440","vpc-025ca1d4a3e451ee8"
"subnet-0dd317af4d829b99e","10.136.16.0/21","Private Subnet 3A","us-west-2c","usw2-az3","arn:aws:ec2:us-west-2:204326685116:subnet/subnet-0dd317af4d829b99e","vpc-025ca1d4a3e451ee8"
"subnet-0850a98c367386f8d","10.136.26.0/23","DB Subnet 2","us-west-2b","usw2-az2","arn:aws:ec2:us-west-2:204326685116:subnet/subnet-0850a98c367386f8d","vpc-025ca1d4a3e451ee8"
"subnet-0ba30ef7ce93ee502","10.136.58.0/23","DB Subnet 2","us-west-2b","usw2-az1","arn:aws:ec2:us-west-2:774409177346:subnet/subnet-0ba30ef7ce93ee502","vpc-0e0740439109d393d"
"subnet-08d75409a57c91fad","10.136.56.0/23","DB Subnet 1","us-west-2a","usw2-az2","arn:aws:ec2:us-west-2:774409177346:subnet/subnet-08d75409a57c91fad","vpc-0e0740439109d393d"
"subnet-009f13b2babefb8e3","10.136.48.0/21","Private Subnet 3A","us-west-2c","usw2-az3","arn:aws:ec2:us-west-2:774409177346:subnet/subnet-009f13b2babefb8e3","vpc-0e0740439109d393d"
"subnet-04f4f4fcc304373bc","10.136.40.0/21","Private Subnet 2A","us-west-2b","usw2-az1","arn:aws:ec2:us-west-2:774409177346:subnet/subnet-04f4f4fcc304373bc","vpc-0e0740439109d393d"
"subnet-062046571cf8fbe4b","10.136.32.0/21","Private Subnet 1A","us-west-2a","usw2-az2","arn:aws:ec2:us-west-2:774409177346:subnet/subnet-062046571cf8fbe4b","vpc-0e0740439109d393d"
"subnet-0817e1ed9c27ff6ab","10.136.60.0/23","DB Subnet 3","us-west-2c","usw2-az3","arn:aws:ec2:us-west-2:774409177346:subnet/subnet-0817e1ed9c27ff6ab","vpc-0e0740439109d393d"
"subnet-0d6b8cea00d54d426","10.130.48.0/24","Private Subnet 1A","us-west-2a","usw2-az2","arn:aws:ec2:us-west-2:674363897168:subnet/subnet-0d6b8cea00d54d426","vpc-02de4f6b4977c7c76"
"subnet-0fa6710afc756ea83","10.130.70.0/24","Private Subnet 7C","us-west-2c","usw2-az3","arn:aws:ec2:us-west-2:674363897168:subnet/subnet-0fa6710afc756ea83","vpc-02de4f6b4977c7c76"
"subnet-06f08356625f109c9","10.130.60.0/24","Private Subnet 5B","us-west-2b","usw2-az1","arn:aws:ec2:us-west-2:674363897168:subnet/subnet-06f08356625f109c9","vpc-02de4f6b4977c7c76"
"subnet-04e2c44140abeddde","10.130.53.0/24","Private Subnet 6A","us-west-2a","usw2-az2","arn:aws:ec2:us-west-2:674363897168:subnet/subnet-04e2c44140abeddde","vpc-02de4f6b4977c7c76"
"subnet-058d504527f6be069","10.130.52.0/24","Private Subnet 5A","us-west-2a","usw2-az2","arn:aws:ec2:us-west-2:674363897168:subnet/subnet-058d504527f6be069","vpc-02de4f6b4977c7c76"
"subnet-0d06cec806028fcd5","10.130.67.0/24","Private Subnet 4C","us-west-2c","usw2-az3","arn:aws:ec2:us-west-2:674363897168:subnet/subnet-0d06cec806028fcd5","vpc-02de4f6b4977c7c76"
"subnet-091cda29fc749c495","10.130.65.0/24","Private Subnet 2C","us-west-2c","usw2-az3","arn:aws:ec2:us-west-2:674363897168:subnet/subnet-091cda29fc749c495","vpc-02de4f6b4977c7c76"
"subnet-0640c2fbe85364a63","10.130.69.0/24","Private Subnet 6C","us-west-2c","usw2-az3","arn:aws:ec2:us-west-2:674363897168:subnet/subnet-0640c2fbe85364a63","vpc-02de4f6b4977c7c76"
"subnet-01a7c64855b317f72","10.130.50.0/24","Private Subnet 3A","us-west-2a","usw2-az2","arn:aws:ec2:us-west-2:674363897168:subnet/subnet-01a7c64855b317f72","vpc-02de4f6b4977c7c76"
"subnet-0aaef818050985c2f","10.130.58.0/24","Private Subnet 3B","us-west-2b","usw2-az1","arn:aws:ec2:us-west-2:674363897168:subnet/subnet-0aaef818050985c2f","vpc-02de4f6b4977c7c76"
"subnet-07a093411ffd9057b","10.130.63.0/24","Private Subnet 9B","us-west-2b","usw2-az1","arn:aws:ec2:us-west-2:674363897168:subnet/subnet-07a093411ffd9057b","vpc-02de4f6b4977c7c76"
"subnet-0eb8998d24ebe5f55","10.130.0.0/20","Private Subnet 8A","us-west-2a","usw2-az2","arn:aws:ec2:us-west-2:674363897168:subnet/subnet-0eb8998d24ebe5f55","vpc-02de4f6b4977c7c76"
"subnet-0cac1cd626b3e39da","10.130.51.0/24","Private Subnet 4A","us-west-2a","usw2-az2","arn:aws:ec2:us-west-2:674363897168:subnet/subnet-0cac1cd626b3e39da","vpc-02de4f6b4977c7c76"
"subnet-019e01d17a16001a6","10.130.16.0/20","Private Subnet 8B","us-west-2b","usw2-az1","arn:aws:ec2:us-west-2:674363897168:subnet/subnet-019e01d17a16001a6","vpc-02de4f6b4977c7c76"
"subnet-06355bc93165d4efb","10.130.71.0/24","Private Subnet 9C","us-west-2c","usw2-az3","arn:aws:ec2:us-west-2:674363897168:subnet/subnet-06355bc93165d4efb","vpc-02de4f6b4977c7c76"
"subnet-0ff417689ee042811","10.130.57.0/24","Private Subnet 2B","us-west-2b","usw2-az1","arn:aws:ec2:us-west-2:674363897168:subnet/subnet-0ff417689ee042811","vpc-02de4f6b4977c7c76"
"subnet-045c49e68697f8e0d","10.130.66.0/24","Private Subnet 3C","us-west-2c","usw2-az3","arn:aws:ec2:us-west-2:674363897168:subnet/subnet-045c49e68697f8e0d","vpc-02de4f6b4977c7c76"
"subnet-04b9b106c8842e034","10.130.55.0/24","Private Subnet 9A","us-west-2a","usw2-az2","arn:aws:ec2:us-west-2:674363897168:subnet/subnet-04b9b106c8842e034","vpc-02de4f6b4977c7c76"
"subnet-0a6b894e55cf5f7d8","10.130.61.0/24","Private Subnet 6B","us-west-2b","usw2-az1","arn:aws:ec2:us-west-2:674363897168:subnet/subnet-0a6b894e55cf5f7d8","vpc-02de4f6b4977c7c76"
"subnet-0c68f645f6f1e0ce3","10.130.56.0/24","Private Subnet 1B","us-west-2b","usw2-az1","arn:aws:ec2:us-west-2:674363897168:subnet/subnet-0c68f645f6f1e0ce3","vpc-02de4f6b4977c7c76"
"subnet-079b6feb5ed5ab512","10.130.54.0/24","Private Subnet 7A","us-west-2a","usw2-az2","arn:aws:ec2:us-west-2:674363897168:subnet/subnet-079b6feb5ed5ab512","vpc-02de4f6b4977c7c76"
"subnet-0bc055ebb12bcb123","10.130.68.0/24","Private Subnet 5C","us-west-2c","usw2-az3","arn:aws:ec2:us-west-2:674363897168:subnet/subnet-0bc055ebb12bcb123","vpc-02de4f6b4977c7c76"
"subnet-0eb3ad8a3e0054d33","10.130.59.0/24","Private Subnet 4B","us-west-2b","usw2-az1","arn:aws:ec2:us-west-2:674363897168:subnet/subnet-0eb3ad8a3e0054d33","vpc-02de4f6b4977c7c76"
"subnet-0bfeee48ea968b37c","10.130.32.0/20","Private Subnet 8C","us-west-2c","usw2-az3","arn:aws:ec2:us-west-2:674363897168:subnet/subnet-0bfeee48ea968b37c","vpc-02de4f6b4977c7c76"
"subnet-011a482aeaee810e6","10.130.62.0/24","Private Subnet 7B","us-west-2b","usw2-az1","arn:aws:ec2:us-west-2:674363897168:subnet/subnet-011a482aeaee810e6","vpc-02de4f6b4977c7c76"
"subnet-065c29ecf29d9f1c1","10.130.49.0/24","Private Subnet 2A","us-west-2a","usw2-az2","arn:aws:ec2:us-west-2:674363897168:subnet/subnet-065c29ecf29d9f1c1","vpc-02de4f6b4977c7c76"
"subnet-04f387961ee889241","10.130.64.0/24","Private Subnet 1C","us-west-2c","usw2-az3","arn:aws:ec2:us-west-2:674363897168:subnet/subnet-04f387961ee889241","vpc-02de4f6b4977c7c76"
"subnet-829dceea","172.31.0.0/20",,"us-west-1b","usw1-az3","arn:aws:ec2:us-west-1:864421101527:subnet/subnet-829dceea","vpc-819dcee9"
"subnet-839dceeb","172.31.16.0/20",,"us-west-1c","usw1-az1","arn:aws:ec2:us-west-1:864421101527:subnet/subnet-839dceeb","vpc-819dcee9"
"subnet-0b1f7a058ab5d404c","10.169.8.0/24","Redshift_Public_Subnet_8A","us-west-2a","usw2-az1","arn:aws:ec2:us-west-2:864421101527:subnet/subnet-0b1f7a058ab5d404c","vpc-04b1cf6f"
"subnet-04f4a98caafd32a81","10.169.71.0/24","Redshift_Public_Subnet_8B","us-west-2b","usw2-az2","arn:aws:ec2:us-west-2:864421101527:subnet/subnet-04f4a98caafd32a81","vpc-04b1cf6f"
"subnet-0def79c1a7bbac5a9","10.169.9.0/24","Redshift_PrivateSubnet_9A","us-west-2a","usw2-az1","arn:aws:ec2:us-west-2:864421101527:subnet/subnet-0def79c1a7bbac5a9","vpc-04b1cf6f"
"subnet-0351572eb70487f7e","10.169.136.0/24","Redshift_PrivateSubnet_9C","us-west-2c","usw2-az3","arn:aws:ec2:us-west-2:864421101527:subnet/subnet-0351572eb70487f7e","vpc-04b1cf6f"
"subnet-e359cc86","10.169.6.0/24","Redshift_Public_Subnet_6A","us-west-2a","usw2-az1","arn:aws:ec2:us-west-2:864421101527:subnet/subnet-e359cc86","vpc-04b1cf6f"
"subnet-841e2bdf","172.16.0.0/24",,"us-west-2c","usw2-az3","arn:aws:ec2:us-west-2:864421101527:subnet/subnet-841e2bdf","vpc-53a78335"
"subnet-157fe870","10.169.7.0/24","Redshift_Public_Subnet_7A","us-west-2a","usw2-az1","arn:aws:ec2:us-west-2:864421101527:subnet/subnet-157fe870","vpc-04b1cf6f"
"subnet-af3adaca","10.169.5.0/24","Redshift_Public_Subnet_5A","us-west-2a","usw2-az1","arn:aws:ec2:us-west-2:864421101527:subnet/subnet-af3adaca","vpc-04b1cf6f"
"subnet-0ef76272be9c5f1ad","10.169.72.0/24","Redshift_PrivateSubnet_9B","us-west-2b","usw2-az2","arn:aws:ec2:us-west-2:864421101527:subnet/subnet-0ef76272be9c5f1ad","vpc-04b1cf6f"
"subnet-6baed000","10.169.4.0/24","Redshift_Public_Subnet_4A","us-west-2a","usw2-az1","arn:aws:ec2:us-west-2:864421101527:subnet/subnet-6baed000","vpc-04b1cf6f"
"subnet-c6038a8e","172.16.1.0/24",,"us-west-2b","usw2-az2","arn:aws:ec2:us-west-2:864421101527:subnet/subnet-c6038a8e","vpc-53a78335"
"subnet-dcb1cfb7","10.169.1.0/24","Redshift_Public_Subnet_1A","us-west-2a","usw2-az1","arn:aws:ec2:us-west-2:864421101527:subnet/subnet-dcb1cfb7","vpc-04b1cf6f"
"subnet-82b1cfe9","10.169.3.0/24","Redshift_Public_Subnet_3A","us-west-2a","usw2-az1","arn:aws:ec2:us-west-2:864421101527:subnet/subnet-82b1cfe9","vpc-04b1cf6f"
"subnet-0bb6543f080491b0b","10.169.135.0/24","Redshift_Public_Subnet_8C","us-west-2c","usw2-az3","arn:aws:ec2:us-west-2:864421101527:subnet/subnet-0bb6543f080491b0b","vpc-04b1cf6f"
"subnet-a4b1cfcf","10.169.2.0/24","Redshift_Public_Subnet_2A","us-west-2a","usw2-az1","arn:aws:ec2:us-west-2:864421101527:subnet/subnet-a4b1cfcf","vpc-04b1cf6f"
"subnet-938a19c8","10.58.1.0/24","test1","us-west-1a","usw1-az3","arn:aws:ec2:us-west-1:782171659116:subnet/subnet-938a19c8","vpc-ada314ca"
"subnet-2df86b76","10.57.0.0/24","PaloAlto-Trans-MGT-AZ1","us-west-1a","usw1-az3","arn:aws:ec2:us-west-1:782171659116:subnet/subnet-2df86b76","vpc-fabf089d"
"subnet-4a75332d","10.57.11.0/24","PaloAlto-Trans-Untrust-AZ2","us-west-1b","usw1-az1","arn:aws:ec2:us-west-1:782171659116:subnet/subnet-4a75332d","vpc-fabf089d"
"subnet-14e68173","10.60.21.0/24","GBOS-POC-PRIV-WEB-AZ1b","us-west-1b","usw1-az1","arn:aws:ec2:us-west-1:782171659116:subnet/subnet-14e68173","vpc-0da73f69"
"subnet-1288c54a","10.60.110.0/24","vRA-Sandbox-WebAZ1a","us-west-1a","usw1-az3","arn:aws:ec2:us-west-1:782171659116:subnet/subnet-1288c54a","vpc-0da73f69"
"subnet-6633ba3d","10.60.254.0/24","CiscoFTD-MGMT-AZ1a","us-west-1a","usw1-az3","arn:aws:ec2:us-west-1:782171659116:subnet/subnet-6633ba3d","vpc-0da73f69"
"subnet-3920165d","10.60.124.0/24","vRA-Sandbox-AppAZ1b","us-west-1b","usw1-az1","arn:aws:ec2:us-west-1:782171659116:subnet/subnet-3920165d","vpc-0da73f69"
"subnet-95ee66ce","10.60.252.0/24","CiscoFTD-TransitOutside-AZ1a","us-west-1a","usw1-az3","arn:aws:ec2:us-west-1:782171659116:subnet/subnet-95ee66ce","vpc-0da73f69"
"subnet-07f96a5c","10.57.1.0/24","PaloAlto-Trans-Untrust-AZ1","us-west-1a","usw1-az3","arn:aws:ec2:us-west-1:782171659116:subnet/subnet-07f96a5c","vpc-fabf089d"
"subnet-60733507","10.57.10.0/24","PaloAlto-Trans-MGT-AZ2","us-west-1b","usw1-az1","arn:aws:ec2:us-west-1:782171659116:subnet/subnet-60733507","vpc-fabf089d"
"subnet-d82513bc","10.60.128.0/24","vRA-Sandbox-DBAZ1b","us-west-1b","usw1-az1","arn:aws:ec2:us-west-1:782171659116:subnet/subnet-d82513bc","vpc-0da73f69"
"subnet-7ad56421","10.60.10.0/24","GBOS-POC-PUB-LB-AZ1a","us-west-1a","usw1-az3","arn:aws:ec2:us-west-1:782171659116:subnet/subnet-7ad56421","vpc-0da73f69"
"subnet-05ec37c62bf40f957","10.60.8.0/24","vRA-Sandbox-Glue","us-west-1a","usw1-az3","arn:aws:ec2:us-west-1:782171659116:subnet/subnet-05ec37c62bf40f957","vpc-0da73f69"
"subnet-b3d061e8","10.60.20.0/24","GBOS-POC-PRIV-WEB-AZ1a","us-west-1a","usw1-az3","arn:aws:ec2:us-west-1:782171659116:subnet/subnet-b3d061e8","vpc-0da73f69"
"subnet-e985c8b1","10.60.114.0/24","vRA-Sandbox-AppAZ1a","us-west-1a","usw1-az3","arn:aws:ec2:us-west-1:782171659116:subnet/subnet-e985c8b1","vpc-0da73f69"
"subnet-1188c549","10.60.118.0/24","vRA-Sandbox-DBAZ1a","us-west-1a","usw1-az3","arn:aws:ec2:us-west-1:782171659116:subnet/subnet-1188c549","vpc-0da73f69"
"subnet-a4fc6fff","10.58.0.0/24","PaloAlto-Sub1-Web","us-west-1a","usw1-az3","arn:aws:ec2:us-west-1:782171659116:subnet/subnet-a4fc6fff","vpc-ada314ca"
"subnet-a535bcfe","10.60.253.0/24","CiscoFTD-TransitInside-AZ1a","us-west-1a","usw1-az3","arn:aws:ec2:us-west-1:782171659116:subnet/subnet-a535bcfe","vpc-0da73f69"
"subnet-8d98ffea","10.60.11.0/24","GBOS-POC-PUB-LB-AZ1b","us-west-1b","usw1-az1","arn:aws:ec2:us-west-1:782171659116:subnet/subnet-8d98ffea","vpc-0da73f69"
"subnet-1536a54e","10.60.50.0/24","PaloAlto-Test-SB","us-west-1a","usw1-az3","arn:aws:ec2:us-west-1:782171659116:subnet/subnet-1536a54e","vpc-0da73f69"
"subnet-2686157d","10.59.0.0/24","PaloAlto-Web","us-west-1a","usw1-az3","arn:aws:ec2:us-west-1:782171659116:subnet/subnet-2686157d","vpc-33a61154"
"subnet-65201601","10.60.120.0/24","vRA-Sandbox-WebAZ1b","us-west-1b","usw1-az1","arn:aws:ec2:us-west-1:782171659116:subnet/subnet-65201601","vpc-0da73f69"
"subnet-a45084ff","172.31.0.0/20",,"us-west-2c","usw2-az3","arn:aws:ec2:us-west-2:782171659116:subnet/subnet-a45084ff","vpc-4be3fd2c"
"subnet-fa86dad2","172.31.48.0/20",,"us-west-2d","usw2-az4","arn:aws:ec2:us-west-2:782171659116:subnet/subnet-fa86dad2","vpc-4be3fd2c"
"subnet-be76bdc7","10.57.0.96/27","transitVpcMgmtAz2","us-west-2b","usw2-az1","arn:aws:ec2:us-west-2:782171659116:subnet/subnet-be76bdc7","vpc-bb4cd4c2"
"subnet-852a00e2","172.31.16.0/20",,"us-west-2b","usw2-az1","arn:aws:ec2:us-west-2:782171659116:subnet/subnet-852a00e2","vpc-4be3fd2c"
"subnet-13ce8c5a","172.31.32.0/20",,"us-west-2a","usw2-az2","arn:aws:ec2:us-west-2:782171659116:subnet/subnet-13ce8c5a","vpc-4be3fd2c"
"subnet-01dace65","10.199.254.0/25","Private subnet 1A prod-berkshire","us-west-1a","usw1-az1","arn:aws:ec2:us-west-1:890056794672:subnet/subnet-01dace65","vpc-6f9ded0b"
"subnet-40d8cc24","10.199.254.128/25","Public subnet 1A prod-berkshire","us-west-1a","usw1-az1","arn:aws:ec2:us-west-1:890056794672:subnet/subnet-40d8cc24","vpc-6f9ded0b"
"subnet-6437163c","10.199.255.128/25","Public subnet 1B prod-berkshire","us-west-1c","usw1-az3","arn:aws:ec2:us-west-1:890056794672:subnet/subnet-6437163c","vpc-6f9ded0b"
"subnet-0336175b","10.199.255.0/25","Private subnet 1B prod-berkshire","us-west-1c","usw1-az3","arn:aws:ec2:us-west-1:890056794672:subnet/subnet-0336175b","vpc-6f9ded0b"
"subnet-013b4efeaf09f6908","10.63.64.0/24","Private Subnet 2","us-west-2b","usw2-az2","arn:aws:ec2:us-west-2:647241719911:subnet/subnet-013b4efeaf09f6908","vpc-009e4363369d87c39"
"subnet-0f0c16281999999d8","10.63.244.0/24","pa-is-very-good-LambdaSubnetAz2","us-west-2b","usw2-az2","arn:aws:ec2:us-west-2:647241719911:subnet/subnet-0f0c16281999999d8","vpc-009e4363369d87c39"
"subnet-039b40705bae9d277","10.63.1.0/24","Private Subnet 1","us-west-2a","usw2-az1","arn:aws:ec2:us-west-2:647241719911:subnet/subnet-039b40705bae9d277","vpc-009e4363369d87c39"
"subnet-088adf4f10d0ea9f0","10.63.228.0/24","pa-is-very-good-LambdaSubnetAz1","us-west-2a","usw2-az1","arn:aws:ec2:us-west-2:647241719911:subnet/subnet-088adf4f10d0ea9f0","vpc-009e4363369d87c39"
"subnet-07ccf3c4f026c285d","10.132.64.192/28","paloaltonw-PROD-TGW-PA-FW-83fcc-NATGWSubnetAz1","us-west-2a","usw2-az1","arn:aws:ec2:us-west-2:536368967722:subnet/subnet-07ccf3c4f026c285d","vpc-0da19e149bec7f1ad"
"subnet-0d085452ed2c1aa67","10.132.65.64/28","paloaltonw-PROD-TGW-PA-FW-83fcc-AttSubnetAz3","us-west-2c","usw2-az3","arn:aws:ec2:us-west-2:536368967722:subnet/subnet-0d085452ed2c1aa67","vpc-0da19e149bec7f1ad"
"subnet-0736b5336f08fd90e","10.132.64.128/26","paloaltonw-PROD-TGW-PA-FW-83fcc-FirewallSubnetAz3","us-west-2c","usw2-az3","arn:aws:ec2:us-west-2:536368967722:subnet/subnet-0736b5336f08fd90e","vpc-0da19e149bec7f1ad"
"subnet-0f9fe78954e8e3674","10.132.65.48/28","paloaltonw-PROD-TGW-PA-FW-83fcc-GWLBESubnetAz3","us-west-2c","usw2-az3","arn:aws:ec2:us-west-2:536368967722:subnet/subnet-0f9fe78954e8e3674","vpc-0da19e149bec7f1ad"
"subnet-006785abfa972bf16","10.132.65.0/28","paloaltonw-PROD-TGW-PA-FW-83fcc-GWLBESubnetAz2","us-west-2b","usw2-az2","arn:aws:ec2:us-west-2:536368967722:subnet/subnet-006785abfa972bf16","vpc-0da19e149bec7f1ad"
"subnet-00dff321113ecea9a","10.132.64.64/26","paloaltonw-PROD-TGW-PA-FW-83fcc-FirewallSubnetAz2","us-west-2b","usw2-az2","arn:aws:ec2:us-west-2:536368967722:subnet/subnet-00dff321113ecea9a","vpc-0da19e149bec7f1ad"
"subnet-021e686f8b7407384","10.132.64.0/26","paloaltonw-PROD-TGW-PA-FW-83fcc-FirewallSubnetAz1","us-west-2a","usw2-az1","arn:aws:ec2:us-west-2:536368967722:subnet/subnet-021e686f8b7407384","vpc-0da19e149bec7f1ad"
"subnet-0aee06dcb88648bae","10.132.65.16/28","paloaltonw-PROD-TGW-PA-FW-83fcc-AttSubnetAz2","us-west-2b","usw2-az2","arn:aws:ec2:us-west-2:536368967722:subnet/subnet-0aee06dcb88648bae","vpc-0da19e149bec7f1ad"
"subnet-029f7f3249fbfdf82","10.132.64.240/28","paloaltonw-PROD-TGW-PA-FW-83fcc-NATGWSubnetAz2","us-west-2b","usw2-az2","arn:aws:ec2:us-west-2:536368967722:subnet/subnet-029f7f3249fbfdf82","vpc-0da19e149bec7f1ad"
"subnet-016bd5e373693402a","10.132.65.32/28","paloaltonw-PROD-TGW-PA-FW-83fcc-NATGWSubnetAz3","us-west-2c","usw2-az3","arn:aws:ec2:us-west-2:536368967722:subnet/subnet-016bd5e373693402a","vpc-0da19e149bec7f1ad"
"subnet-065731a597a404f24","10.132.64.224/28","paloaltonw-PROD-TGW-PA-FW-83fcc-AttSubnetAz1","us-west-2a","usw2-az1","arn:aws:ec2:us-west-2:536368967722:subnet/subnet-065731a597a404f24","vpc-0da19e149bec7f1ad"
"subnet-04f19297060eb4abd","10.132.64.208/28","paloaltonw-PROD-TGW-PA-FW-83fcc-GWLBESubnetAz1","us-west-2a","usw2-az1","arn:aws:ec2:us-west-2:536368967722:subnet/subnet-04f19297060eb4abd","vpc-0da19e149bec7f1ad"
